p_request,window,r_response,failure_probability
0.02,1,0.05,0.02103049421661409
0.02,2,0.05,0.0004210437674996316
0.02,3,0.05,8.42104908587407e-06
0.02,4,0.05,1.6842105121329642e-07
0.02,5,0.05,3.3684210520642666e-09
0.02,6,0.05,6.736842105240467e-11
0.02,7,0.05,1.347368421052541e-12
0.02,8,0.05,2.69473684210526e-14
0.02,9,0.05,5.389473684210528e-16
0.02,10,0.05,1.0778947368421056e-17
0.025,1,0.05,0.02628120893561104
0.025,2,0.05,0.0006578730962797278
0.025,3,0.05,1.644735489526736e-05
0.025,4,0.05,4.111842020726933e-07
0.025,5,0.05,1.0279605257874383e-08
0.025,6,0.05,2.569901315756453e-10
0.025,7,0.05,6.424753289471623e-12
0.025,8,0.05,1.606188322368409e-13
0.025,9,0.05,4.015470805921054e-15
0.025,10,0.05,1.0038677014802638e-16
0.03,1,0.05,0.03152916447714135
0.03,2,0.05,0.0009473235478319449
0.03,3,0.05,2.8421012243824703e-05
0.03,4,0.05,8.526315425983394e-07
0.03,5,0.05,2.5578947335706924e-08
0.03,6,0.05,7.673684210231888e-10
0.03,7,0.05,2.3021052631552444e-11
0.03,8,0.05,6.906315789473443e-13
0.03,9,0.05,2.0718947368421026e-14
0.03,10,0.05,6.215684210526314e-16
0.034999999999999996,1,0.05,0.03677436301549777
0.034999999999999996,2,0.05,0.0012893905524512233
0.034999999999999996,3,0.05,4.513147710462731e-05
0.034999999999999996,4,0.05,1.5796051384002647e-06
0.034999999999999996,5,0.05,5.5286184057698186e-08
0.034999999999999996,6,0.05,1.9350164471812058e-09
0.034999999999999996,7,0.05,6.772557565766535e-11
0.034999999999999996,8,0.05,2.3703951480260333e-12
0.034999999999999996,9,0.05,8.296383018092063e-14
0.034999999999999996,10,0.05,2.9037340563322334e-15
0.039999999999999994,1,0.05,0.04201680672268907
0.039999999999999994,2,0.05,0.0016840687100033677
0.039999999999999994,3,0.05,6.736819412818817e-05
0.039999999999999994,4,0.05,2.694736479024978e-06
0.039999999999999994,5,0.05,1.0778947310328193e-07
0.039999999999999994,6,0.05,4.311578946438933e-09
0.039999999999999994,7,0.05,1.724631578932495e-10
0.039999999999999994,8,0.05,6.898526315787085e-12
0.039999999999999994,9,0.05,2.7594105263157473e-13
0.039999999999999994,10,0.05,1.1037642105263134e-14
0.045,1,0.05,0.047256497768443165
0.045,2,0.05,0.0021313517901381564
0.045,3,0.05,9.592059259136842e-05
0.045,4,0.05,4.316446436835359e-06
0.045,5,0.05,1.9424012969248593e-07
0.045,6,0.05,8.740805917232544e-09
0.045,7,0.05,3.9333626643963265e-10
0.045,8,0.05,1.770013199011591e-11
0.045,9,0.05,7.96505939555889e-13
0.045,10,0.05,3.584276728001637e-14
0.049999999999999996,1,0.05,0.052493438320209966
0.049999999999999996,2,0.05,0.0026312327325351925
0.049999999999999996,3,0.05,0.00013157808172314654
0.049999999999999996,4,0.05,6.578945204294339e-06
0.049999999999999996,5,0.05,3.2894736301073403e-07
0.049999999999999996,6,0.05,1.644736840752683e-08
0.049999999999999996,7,0.05,8.223684210188167e-10
0.049999999999999996,8,0.05,4.111842105254702e-11
0.049999999999999996,9,0.05,2.055921052631366e-12
0.049999999999999996,10,0.05,1.0279605263157834e-13
0.05499999999999999,1,0.05,0.057727630543164515
0.05499999999999999,2,0.05,0.0031837036471824877
0.05499999999999999,3,0.05,0.0001751300454072997
0.05499999999999999,4,0.05,9.632232203108163e-06
0.05499999999999999,5,0.05,5.297730122828166e-07
0.05499999999999999,6,0.05,2.9137516404918658e-08
0.05499999999999999,7,0.05,1.6025634044768516e-09
0.05499999999999999,8,0.05,8.814098725290096e-11
0.05499999999999999,9,0.05,4.847754298929741e-12
0.05499999999999999,10,0.05,2.666264864411968e-13
0.06,1,0.05,0.06295907660020987
0.06,2,0.05,0.0037887558146877435
0.06,3,0.05,0.00022736583626207195
0.06,4,0.05,1.364209595781244e-05
0.06,5,0.05,8.185262822902084e-07
0.06,6,0.05,4.911157882677106e-08
0.06,7,0.05,2.946694736407954e-09
0.06,8,0.05,1.7680168420896334e-10
0.06,9,0.05,1.060810105262595e-11
0.06,10,0.05,6.364860631578742e-13
0.06499999999999999,1,0.05,0.06818777865198006
0.06499999999999999,2,0.05,0.004446379686622316
0.06499999999999999,3,0.05,0.0002890747690969228
0.06499999999999999,4,0.05,1.8790113925511702e-05
0.06499999999999999,5,0.05,1.2213584780457468e-06
0.06499999999999999,6,0.05,7.938830560592739e-08
0.06499999999999999,7,0.05,5.1602398835370105e-09
0.06499999999999999,8,0.05,3.354155925108217e-10
0.06499999999999999,9,0.05,2.180201351354528e-11
0.06499999999999999,10,0.05,1.4171308783818873e-12
0.06999999999999999,1,0.05,0.07341373885684321
0.06999999999999999,2,0.05,0.005156564885897846
0.06999999999999999,3,0.05,0.00036104611374647276
0.06999999999999999,4,0.05,2.5273652272610988e-05
0.06999999999999999,5,0.05,1.7691577382408724e-06
0.06999999999999999,6,0.05,1.2384105186474857e-07
0.06999999999999999,7,0.05,8.668873680453051e-09
0.06999999999999999,8,0.05,6.068211578763248e-10
0.06999999999999999,9,0.05,4.247748105254132e-11
0.06999999999999999,10,0.05,2.9734236736837656e-12
0.075,1,0.05,0.07863695937090433
0.075,2,0.05,0.005919300207175507
0.075,3,0.05,0.00044406908728177903
0.075,4,0.05,3.330586558850508e-05
0.075,5,0.05,2.4979437669611757e-06
0.075,6,0.05,1.8734580416613005e-07
0.075,7,0.05,1.4050935434207505e-08
0.075,8,0.05,1.0538201582503938e-09
0.075,9,0.05,7.903651187263172e-11
0.075,10,0.05,5.927738390469047e-12
0.07999999999999999,1,0.05,0.08385744234800838
0.07999999999999999,2,0.05,0.006734573617307852
0.07999999999999999,3,0.05,0.0005389328455991079
0.07999999999999999,4,0.05,4.3115696525319466e-05
0.07999999999999999,5,0.05,3.4492625630240206e-06
0.07999999999999999,6,0.05,2.759410488244056e-07
0.07999999999999999,7,0.05,2.2075284186160384e-08
0.07999999999999999,8,0.05,1.7660227366861613e-09
0.07999999999999999,9,0.05,1.412818189463702e-10
0.07999999999999999,10,0.05,1.1302545515783068e-11
0.08499999999999999,1,0.05,0.08907518993974325
0.08499999999999999,2,0.05,0.0076023722558132495
0.08499999999999999,3,0.05,0.0006464264743863903
0.08499999999999999,4,0.05,5.494787535192441e-05
0.08499999999999999,5,0.05,4.670581146125436e-06
0.08499999999999999,6,0.05,3.9699948225114913e-07
0.08499999999999999,7,0.05,3.374495660424809e-08
0.08499999999999999,8,0.05,2.868321315789293e-09
0.08499999999999999,9,0.05,2.4380731187408363e-10
0.08499999999999999,10,0.05,2.0723621509528265e-11
0.09,1,0.05,0.09429020429544265
0.09,2,0.05,0.00852268243538281
0.09,3,0.05,0.0007673389794675773
0.09,4,0.05,6.906291940957145e-05
0.09,5,0.05,6.215682278790405e-06
0.09,6,0.05,5.59411563300303e-07
0.09,7,0.05,5.034704197852192e-08
0.09,8,0.05,4.531233788447079e-09
0.09,9,0.05,4.0781104104431593e-10
0.09,10,0.05,3.670299369466947e-11
0.09499999999999999,1,0.05,0.09950248756218905
0.09499999999999999,2,0.05,0.00949548964241985
0.09499999999999999,3,0.05,0.0009024592765251464
0.09499999999999999,4,0.05,8.573713245563027e-05
0.09499999999999999,5,0.05,8.14505918289919e-06
0.09499999999999999,6,0.05,7.737809075631537e-07
0.09499999999999999,7,0.05,7.350918879231988e-08
0.09499999999999999,8,0.05,6.983372958499118e-09
0.09499999999999999,9,0.05,6.634204312670554e-10
0.09499999999999999,10,0.05,6.302494097226224e-11
0.09999999999999999,1,0.05,0.10471204188481675
0.09999999999999999,2,0.05,0.010520778537611781
0.09999999999999999,3,0.05,0.001052576180201042
0.09999999999999999,4,0.05,0.00010526260388103217
0.09999999999999999,5,0.05,1.0526310249310392e-05
0.09999999999999999,6,0.05,1.0526315235457088e-06
0.09999999999999999,7,0.05,1.0526315734072018e-07
0.09999999999999999,8,0.05,1.0526315783933511e-08
0.09999999999999999,9,0.05,1.052631578891966e-09
0.09999999999999999,10,0.05,1.0526315789418273e-10
0.105,1,0.05,0.10991886940591468
0.105,2,0.05,0.011598532956534431
0.105,3,0.05,0.0012184783925763573
0.105,4,0.05,0.000127947207786154
0.105,5,0.05,1.3434533738816992e-05
0.105,6,0.05,1.4106268906381604e-06
0.105,7,0.05,1.4811583286690077e-07
0.105,8,0.05,1.5552162554107167e-08
0.105,9,0.05,1.6329770693177378e-09
0.105,10,0.05,1.7146259229089222e-10
0.10999999999999999,1,0.05,0.1151229722658294
0.10999999999999999,2,0.05,0.01272873591028871
0.10999999999999999,3,0.05,0.0014009544910301278
0.10999999999999999,4,0.05,0.0001541146018990071
0.10999999999999999,5,0.05,1.695272247235311e-05
0.10999999999999999,6,0.05,1.8648008787574456e-06
0.10999999999999999,7,0.05,2.0512811368559635e-07
0.10999999999999999,8,0.05,2.256409271138517e-08
0.10999999999999999,9,0.05,2.4820502007446005e-09
0.10999999999999999,10,0.05,2.73025522112062e-10
0.11499999999999999,1,0.05,0.12032435260266805
0.11499999999999999,2,0.05,0.013911369586169623
0.11499999999999999,3,0.05,0.001600792915477614
0.11499999999999999,4,0.05,0.0001841042263187237
0.11499999999999999,5,0.05,2.1172158508014104e-05
0.11499999999999999,6,0.05,2.434800509508339e-06
0.11499999999999999,7,0.05,2.8000208876086235e-07
0.11499999999999999,8,0.05,3.220024060646313e-08
0.11499999999999999,9,0.05,3.7030276750195577e-09
0.11499999999999999,10,0.05,4.2584818269702817e-10
0.11999999999999998,1,0.05,0.12552301255230125
0.11999999999999998,2,0.05,0.015146415348367548
0.11999999999999998,3,0.05,0.001818781954988514
0.11999999999999998,4,0.05,0.00021827130206646323
0.11999999999999998,5,0.05,2.6192807802059188e-05
0.11999999999999998,6,0.05,3.14314055866487e-06
0.11999999999999998,7,0.05,3.771769192026675e-07
0.11999999999999998,8,0.05,4.526123105546573e-08
0.11999999999999998,9,0.05,5.4313477374723835e-09
0.11999999999999998,10,0.05,6.517617286524436e-10
0.12499999999999999,1,0.05,0.13071895424836602
0.12499999999999999,2,0.05,0.016433853738701723
0.12499999999999999,3,0.05,0.002055709733785589
0.12499999999999999,4,0.05,0.00025698682942499186
0.12499999999999999,5,0.05,3.212371485063274e-05
0.12499999999999999,6,0.05,4.0154699997209225e-06
0.12499999999999999,7,0.05,5.01933838143252e-07
0.12499999999999999,8,0.05,6.274173114569015e-08
0.12499999999999999,9,0.05,7.84271641473914e-09
0.12499999999999999,10,0.05,9.803395521787652e-10
0.12999999999999998,1,0.05,0.13591217982226866
0.12999999999999998,2,0.05,0.0177736644773859
0.12999999999999998,3,0.05,0.0023123641966242103
0.12999999999999998,4,0.05,0.0003006375860473182
0.12999999999999998,5,0.05,3.9083397308463986e-05
0.12999999999999998,6,0.05,5.080850288195053e-06
0.12999999999999998,7,0.05,6.605106834494382e-07
0.12999999999999998,8,0.05,8.586639131555855e-08
0.12999999999999998,9,0.05,1.1162630912717135e-08
0.12999999999999998,10,0.05,1.4511420193578648e-09
0.13499999999999998,1,0.05,0.14110269140318785
0.13499999999999998,2,0.05,0.01916582646382614
0.13499999999999998,3,0.05,0.0025895330935534174
0.13499999999999998,4,0.05,0.0003496261248139012
0.13499999999999998,5,0.05,4.720024058028575e-05
0.13499999999999998,6,0.05,6.372045486298533e-06
0.13499999999999998,7,0.05,8.602263777209214e-07
0.13499999999999998,8,0.05,1.1613056531293773e-07
0.13499999999999998,9,0.05,1.5677626395989775e-08
0.13499999999999998,10,0.05,2.116479564893714e-09
0.13999999999999999,1,0.05,0.14629049111807732
0.13999999999999999,2,0.05,0.020610317777450628
0.13999999999999999,3,0.05,0.002888003964059085
0.13999999999999999,4,0.05,0.00040437077141707625
0.13999999999999999,5,0.05,5.661289238014612e-05
0.13999999999999999,6,0.05,7.92582422748532e-06
0.13999999999999999,7,0.05,1.1096157700165853e-06
0.13999999999999999,8,0.05,1.5534621521443018e-07
0.13999999999999999,9,0.05,2.174847027529755e-08
0.13999999999999999,10,0.05,3.0447858413890925e-09
0.145,1,0.05,0.15147558109166884
0.145,2,0.05,0.022107115678571477
0.145,3,0.05,0.003208564120589887
0.145,4,0.05,0.0004653056216504806
0.145,5,0.05,6.747065725317366e-05
0.145,6,0.05,9.783273520296669e-06
0.145,7,0.05,1.4185752537407574e-06
0.145,8,0.05,2.0569342426650075e-07
0.145,9,0.05,2.982554678091039e-08
0.145,10,0.05,4.324704288746186e-09
0.14999999999999997,1,0.05,0.15665796344647515
0.14999999999999997,2,0.05,0.023656196609278476
0.14999999999999997,3,0.05,0.0035520006314667765
0.14999999999999997,4,0.05,0.0005328805383803914
0.14999999999999997,5,0.05,7.993389105369193e-05
0.14999999999999997,6,0.05,1.1990124390788899e-05
0.14999999999999997,7,0.05,1.7985195751084547e-06
0.14999999999999997,8,0.05,2.6977795688730796e-07
0.14999999999999997,9,0.05,4.046669399706962e-08
0.14999999999999997,10,0.05,6.070004109999845e-09
0.15499999999999997,1,0.05,0.161837640302793
0.15499999999999997,2,0.05,0.025257536194364747
0.15499999999999997,3,0.05,0.0039191003031767615
0.15499999999999997,4,0.05,0.0006075611481750284
0.15499999999999997,5,0.05,9.417439537286414e-05
0.15499999999999997,6,0.05,1.4597089362688682e-05
0.15499999999999997,7,0.05,2.2625502465926294e-06
0.15499999999999997,8,0.05,3.50695321745787e-07
0.15499999999999997,9,0.05,5.4357775676009465e-08
0.15499999999999997,10,0.05,8.425455249131501e-09
0.15999999999999998,1,0.05,0.1670146137787056
0.15999999999999998,2,0.05,0.026911109242284074
0.15999999999999998,3,0.05,0.0043106496620518
0.15999999999999998,4,0.05,0.0006898288375670002
0.15999999999999998,5,0.05,0.00011037581190827703
0.15999999999999998,6,0.05,1.7660211774253272e-05
0.15999999999999998,7,0.05,2.8256359797363743e-06
0.15999999999999998,8,0.05,4.5210181041177584e-07
0.15999999999999998,9,0.05,7.233629103942558e-08
0.15999999999999998,10,0.05,1.1573806601470753e-08
0.16499999999999998,1,0.05,0.1721888859900861
0.16499999999999998,2,0.05,0.028616889746140062
0.16499999999999998,3,0.05,0.004727434935333742
0.16499999999999998,4,0.05,0.0007801807489232252
0.16499999999999998,5,0.05,0.0001287340167670495
0.16499999999999998,6,0.05,2.124122693062153e-05
0.16499999999999998,7,0.05,3.504805551688502e-06
0.16499999999999998,8,0.05,5.782930006476914e-07
0.16499999999999998,9,0.05,9.541834741062417e-08
0.16499999999999998,10,0.05,1.574402738547272e-08
0.16999999999999996,1,0.05,0.17736045905059986
0.16999999999999996,2,0.05,0.03037485088470693
0.16999999999999996,3,0.05,0.00517024203162624
0.16999999999999996,4,0.05,0.0008791297758957818
0.16999999999999996,5,0.05,0.00014945751469316594
0.16999999999999996,6,0.05,2.540793509022173e-05
0.16999999999999996,7,0.05,4.319353519790628e-06
0.16999999999999996,8,0.05,7.342902299882589e-07
0.16999999999999996,9,0.05,1.248293429019341e-07
0.16999999999999996,10,0.05,2.122098840326238e-08
0.17499999999999996,1,0.05,0.1825293350717079
0.17499999999999996,2,0.05,0.03218496502348187
0.17499999999999996,3,0.05,0.00563985652073469
0.17499999999999996,4,0.05,0.000987204558426299
0.17499999999999996,5,0.05,0.0001727678332087926
0.17499999999999996,6,0.05,3.0234586283552053e-05
0.17499999999999996,7,0.05,5.291059198507276e-06
0.17499999999999996,8,0.05,9.259355618299428e-07
0.17499999999999996,9,0.05,1.620387295092836e-07
0.17499999999999996,10,0.05,2.8356777853664096e-08
0.17999999999999997,1,0.05,0.1876955161626694
0.17999999999999997,2,0.05,0.03404720371576889
0.17999999999999997,3,0.05,0.006137063612895239
0.17999999999999997,4,0.05,0.0011049494772756168
0.17999999999999997,5,0.05,0.0001988999166583276
0.17999999999999997,6,0.05,3.580227696236502e-05
0.17999999999999997,7,0.05,6.444419312945992e-06
0.17999999999999997,8,0.05,1.1599957828257469e-06
0.17999999999999997,9,0.05,2.0879925083909063e-07
0.17999999999999997,10,0.05,3.7583865472783114e-08
0.18499999999999997,1,0.05,0.19285900443054468
0.18499999999999997,2,0.05,0.03596153770379408
0.18499999999999997,3,0.05,0.006662648137394054
0.18499999999999997,4,0.05,0.0012329246480496272
0.18499999999999997,5,0.05,0.00022810252014287015
0.18499999999999997,6,0.05,4.2199358476966665e-05
0.18499999999999997,7,0.05,7.806894743161288e-06
0.18499999999999997,8,0.05,1.4442759869537456e-06
0.18499999999999997,9,0.05,2.6719107331177216e-07
0.18499999999999997,10,0.05,4.943034910087727e-08
0.18999999999999997,1,0.05,0.198019801980198
0.18999999999999997,2,0.05,0.03792793691985227
0.18999999999999997,3,0.05,0.007217394520578069
0.18999999999999997,4,0.05,0.0013717059146913105
0.18999999999999997,5,0.05,0.0002606386033316574
0.18999999999999997,6,0.05,4.952185737897843e-05
0.18999999999999997,7,0.05,9.409171773372235e-06
0.18999999999999997,8,0.05,1.7877433181986752e-06
0.18999999999999997,9,0.05,3.3967125505117145e-07
0.18999999999999997,10,0.05,6.453753934754522e-08
0.19499999999999995,1,0.05,0.20317791091430054
0.19499999999999995,2,0.05,0.0399463704874849
0.19499999999999995,3,0.05,0.007802086763258483
0.19499999999999995,4,0.05,0.001521884842408166
0.19499999999999995,5,0.05,0.0002967857241358163
0.19499999999999995,6,0.05,5.7873907546503944e-05
0.19499999999999995,7,0.05,1.1285438260147788e-05
0.19499999999999995,8,0.05,2.200661460354837e-06
0.19499999999999995,9,0.05,4.291290227799931e-07
0.19499999999999995,10,0.05,8.368016088745945e-08
0.19999999999999996,1,0.05,0.2083333333333333
0.19999999999999996,2,0.05,0.04201680672268906
0.19999999999999996,3,0.05,0.008417508417508412
0.19999999999999996,4,0.05,0.0016840687100033668
0.19999999999999996,5,0.05,0.00033683643222850947
0.19999999999999996,6,0.05,6.736819412818812e-05
0.19999999999999996,7,0.05,1.3473675133524101e-05
0.19999999999999996,8,0.05,2.694736479024975e-06
0.19999999999999996,9,0.05,5.389473538978387e-07
0.19999999999999996,10,0.05,1.0778947310328177e-07
0.20499999999999996,1,0.05,0.21348607133558967
0.20499999999999996,2,0.05,0.04413921313515762
0.20499999999999996,3,0.05,0.009064442562856082
0.20499999999999996,4,0.05,0.001858880501578123
0.20499999999999996,5,0.05,0.00038109866239420504
0.20499999999999996,6,0.05,7.81264093021478e-05
0.20499999999999996,7,0.05,1.6015963644912108e-05
0.20499999999999996,8,0.05,3.283274637453069e-06
0.20499999999999996,9,0.05,6.730713885205382e-07
0.20499999999999996,10,0.05,1.3797963833829864e-07
0.20999999999999996,1,0.05,0.21863612701717855
0.20999999999999996,2,0.05,0.046313556429550345
0.20999999999999996,3,0.05,0.009743671781875156
0.20999999999999996,4,0.05,0.002046958897571915
0.20999999999999996,5,0.05,0.0004298961276883945
0.20999999999999996,6,0.05,9.027971984519064e-05
0.20999999999999996,7,0.05,1.8958808775529855e-05
0.20999999999999996,8,0.05,3.9813528243886895e-06
0.20999999999999996,9,0.05,8.360842246071031e-07
0.20999999999999996,10,0.05,1.7557769296600233e-07
0.21499999999999997,1,0.05,0.22378350247202702
0.21499999999999997,2,0.05,0.04853980250679596
0.21499999999999997,3,0.05,0.010455978135173724
0.21499999999999997,4,0.05,0.00224895826510639
0.21499999999999997,5,0.05,0.0004835687123875833
0.21499999999999997,6,0.05,0.00010396924650711085
0.21499999999999997,7,0.05,2.2353479218948684e-05
0.21499999999999997,8,0.05,4.806002248735668e-06
0.21499999999999997,9,0.05,1.0332906783935635e-06
0.21499999999999997,10,0.05,2.2215750486458236e-07
0.21999999999999995,1,0.05,0.22892819979188342
0.21999999999999995,2,0.05,0.0508179164654249
0.21999999999999995,3,0.05,0.011202143135783686
0.21999999999999995,4,0.05,0.002465548647597897
0.21999999999999995,5,0.05,0.0005424728647078167
0.21999999999999995,6,0.05,0.00011934655518415933
0.21999999999999995,7,0.05,2.6256364351173886e-05
0.21999999999999995,8,0.05,5.776406072287731e-06
0.21999999999999995,9,0.05,1.2708096221910846e-06
0.21999999999999995,10,0.05,2.795781307383711e-07
0.22499999999999995,1,0.05,0.23407022106631986
0.22499999999999995,2,0.05,0.053147862602932944
0.22499999999999995,3,0.05,0.011982947722952268
0.22499999999999995,4,0.05,0.0026974157536028068
0.22499999999999995,5,0.05,0.0006069819892683565
0.22499999999999995,6,0.05,0.0001365741598850211
0.22499999999999995,7,0.05,3.072934860148479e-05
0.22499999999999995,8,0.05,6.914111668397302e-06
0.22499999999999995,9,0.05,1.555675542188826e-06
0.22499999999999995,10,0.05,3.5002701809296404e-07
0.22999999999999995,1,0.05,0.23920956838273527
0.22999999999999995,2,0.05,0.05552960441717532
0.22999999999999995,3,0.05,0.012799172235337499
0.22999999999999995,4,0.05,0.002945260944858908
0.22999999999999995,5,0.05,0.0006774868392753912
0.22999999999999995,6,0.05,0.00015582603748178994
0.22999999999999995,7,0.05,3.584020363703292e-05
0.22999999999999995,8,0.05,8.243258210959606e-06
0.22999999999999995,9,0.05,1.8959499902297138e-06
0.22999999999999995,10,0.05,4.3606852958325294e-07
0.23499999999999996,1,0.05,0.24434624382635817
0.23499999999999996,2,0.05,0.057963104607791284
0.23499999999999996,3,0.05,0.013651596383609629
0.23499999999999996,4,0.05,0.0032098012234853925
0.23499999999999996,5,0.05,0.0007543959083988658
0.23499999999999996,6,0.05,0.0001772881542375082
0.23499999999999996,7,0.05,4.1662998773937255e-05
0.23499999999999996,8,0.05,9.790820314621509e-06
0.23499999999999996,9,0.05,2.300843635599412e-06
0.23499999999999996,10,0.05,5.406983019512426e-07
0.23999999999999996,1,0.05,0.24948024948024944
0.23999999999999996,2,0.05,0.06044832507765929
0.23999999999999996,3,0.05,0.014540999222460453
0.23999999999999996,4,0.05,0.0034917692183030658
0.23999999999999996,5,0.05,0.0008381358223136098
0.23999999999999996,6,0.05,0.00020115900410082443
0.23999999999999996,7,0.05,4.82785300273166e-05
0.23999999999999996,8,0.05,1.158686846364111e-05
0.23999999999999996,9,0.05,2.780849655684755e-06
0.23999999999999996,10,0.05,6.674039878904467e-07
0.24499999999999997,1,0.05,0.25461158742530526
0.24499999999999997,2,0.05,0.06298522693438229
0.24499999999999997,3,0.05,0.015468159122022714
0.24499999999999997,4,0.05,0.0037919131702356663
0.24499999999999997,5,0.05,0.0009291517298739706
0.24499999999999997,6,0.05,0.00022765015875721305
0.24499999999999997,7,0.05,5.577476821235733e-05
0.24499999999999997,8,0.05,1.3664846983328706e-05
0.24499999999999997,9,0.05,3.3478892379174116e-06
0.24499999999999997,10,0.05,8.202329669531203e-07
0.24999999999999994,1,0.05,0.2597402597402597
0.24999999999999994,2,0.05,0.06557377049180325
0.24999999999999994,3,0.05,0.016433853738701716
0.24999999999999994,4,0.05,0.004110996916752309
0.24999999999999994,5,0.05,0.0010279076938890877
0.24999999999999994,6,0.05,0.00025698682942499164
0.24999999999999994,7,0.05,6.424732650812559e-05
0.24999999999999994,8,0.05,1.6061870324489907e-05
0.24999999999999994,9,0.05,4.015469999720917e-06
0.24999999999999994,10,0.05,1.0038676510927453e-06
0.25499999999999995,1,0.05,0.2648662685016878
0.25499999999999995,2,0.05,0.06821391527155089
0.25499999999999995,3,0.05,0.017438859985421527
0.25499999999999995,4,0.05,0.004449799875310317
0.25499999999999995,5,0.05,0.0011348870814637919
0.25499999999999995,6,0.05,0.0002894084403830515
0.25499999999999995,7,0.05,7.379994789538943e-05
0.25499999999999995,8,0.05,1.881903844776542e-05
0.25499999999999995,9,0.05,4.7988581682238215e-06
0.25499999999999995,10,0.05,1.2237090516442043e-06
0.25999999999999995,1,0.05,0.2699896157840083
0.25999999999999995,2,0.05,0.07090562000461513
0.25999999999999995,3,0.05,0.018483954001288064
0.25999999999999995,4,0.05,0.004809117025756858
0.25999999999999995,5,0.05,0.0012505929538678523
0.25999999999999995,6,0.05,0.0003251692142157817
0.25999999999999995,7,0.05,8.454501287921317e-05
0.25999999999999995,8,0.05,2.1981772111216053e-05
0.25999999999999995,9,0.05,5.715265397287649e-06
0.25999999999999995,10,0.05,1.4859693175250224e-06
0.26499999999999996,1,0.05,0.2751103036594861
0.26499999999999996,2,0.05,0.07364884263295267
0.26499999999999996,3,0.05,0.01956991112067162
0.26499999999999996,4,0.05,0.005189758891647065
0.26499999999999996,5,0.05,0.0013755484558939698
0.26499999999999996,6,0.05,0.00036453876875911455
0.26499999999999996,7,0.05,9.660406790651831e-05
0.26499999999999996,8,0.05,2.5600168880933996e-05
0.26499999999999996,9,0.05,6.7840511359249204e-06
0.26499999999999996,10,0.05,1.7977739992301134e-06
0.26999999999999996,1,0.05,0.28022833419823556
0.26999999999999996,2,0.05,0.07644354031112205
0.26999999999999996,3,0.05,0.020697505841711445
0.26999999999999996,4,0.05,0.005592551520435486
0.26999999999999996,5,0.05,0.0015102972046624617
0.26999999999999996,6,0.05,0.00040780272572992507
0.26999999999999996,7,0.05,0.00011010837488816204
0.26999999999999996,8,0.05,2.9729380700867274e-05
0.26999999999999996,9,0.05,8.026941499448154e-06
0.26999999999999996,10,0.05,2.1672748398264758e-06
0.27499999999999997,1,0.05,0.285343709468223
0.27499999999999997,2,0.05,0.07928966940794861
0.27499999999999997,3,0.05,0.021867511794244947
0.27499999999999997,4,0.05,0.006018336462496967
0.27499999999999997,5,0.05,0.0016554036778280634
0.27499999999999997,6,0.05,0.0004552633310191973
0.27499999999999997,7,0.05,0.00012519948223436224
0.27499999999999997,8,0.05,3.443001387442137e-05
0.27499999999999997,9,0.05,9.468265632694619e-06
0.27499999999999997,10,0.05,2.603773942670366e-06
0.27999999999999997,1,0.05,0.2904564315352697
0.27999999999999997,2,0.05,0.0821871855082187
0.27999999999999997,3,0.05,0.02308070170716443
0.27999999999999997,4,0.05,0.006467970748932283
0.27999999999999997,5,0.05,0.0018114536011416278
0.27999999999999997,6,0.05,0.0005072400866273921
0.27999999999999997,7,0.05,0.000142029817811485
0.27999999999999997,8,0.05,3.97685523267445e-05
0.27999999999999997,9,0.05,1.1135210593411844e-05
0.27999999999999997,10,0.05,3.1178602160043994e-06
0.285,1,0.05,0.29556650246305416
0.285,2,0.05,0.08513604341440342
0.285,3,0.05,0.024337847375204228
0.285,4,0.05,0.006942326868113086
0.285,5,0.05,0.001979054335316787
0.285,6,0.05,0.000564070394218322
0.285,7,0.05,0.00016076330422730076
0.285,8,0.05,4.581780503290754e-05
0.285,9,0.05,1.3058095823363715e-05
0.285,10,0.05,3.7215590469826272e-06
0.29,1,0.05,0.3006739243131156
0.29,2,0.05,0.0881361971484115
0.29,3,0.05,0.02563971962516115
0.29,4,0.05,0.007442292740919951
0.29,5,0.05,0.0021588352621487975
0.29,6,0.05,0.0006261102102655481
0.29,7,0.05,0.00018157599685079658
0.29,8,0.05,5.265737851344883e-05
0.29,9,0.05,1.5270668314924497e-05
0.29,10,0.05,4.42849621205454e-06
0.295,1,0.05,0.30577869914485617
0.295,2,0.05,0.09118759995337146
0.295,3,0.05,0.026987088281551466
0.295,4,0.05,0.00796877169462663
0.295,5,0.05,0.0023514481698298597
0.295,6,0.05,0.0006937347127628374
0.295,7,0.05,0.00020465674497149563
0.295,8,0.05,6.037417531496376e-05
0.295,9,0.05,1.7810419621865542e-05
0.295,10,0.05,5.254077087050781e-06
0.3,1,0.05,0.3108808290155441
0.3,2,0.05,0.09429020429544265
0.3,3,0.05,0.028380722131707573
0.3,4,0.05,0.00852268243538281
0.3,5,0.05,0.0025575676374021633
0.3,6,0.05,0.0007673389794675771
0.3,7,0.05,0.00023020787650196884
0.3,8,0.05,6.906291940957144e-05
0.3,9,0.05,2.071892590470428e-05
0.3,10,0.05,6.215682278790404e-06
